# SOURMASH-MANIFEST-VERSION: 1.0
internal_location,md5,md5short,ksize,moltype,num,scaled,n_hashes,with_abundance,name,filename
signatures/d9e98fc66928684bf96f0aaeb4adcb6e.sig.gz,d9e98fc66928684bf96f0aaeb4adcb6e,d9e98fc6,31,DNA,0,1000,431,0,"GCA_000008085.1 Nanoarchaeum equitans Kin4-M, ASM808v1",/dev/fd/63
signatures/5165e0f27ae96c8a78da00c2d30a8e36.sig.gz,5165e0f27ae96c8a78da00c2d30a8e36,5165e0f2,31,DNA,0,1000,6606,0,"GCA_000018565.1 Herpetosiphon aurantiacus DSM 785, ASM1856v1",/dev/fd/63
signatures/6ae9b9827727475a424a2b460ef2bee1.sig.gz,6ae9b9827727475a424a2b460ef2bee1,6ae9b982,31,DNA,0,1000,4348,0,"GCA_001596115.1 Shigella sp. PAMC 28760 strain=PAMC 28760, ASM159611v1",/dev/fd/63
signatures/c4c5b7270c65ed94cfc29953a1bb31e1.sig.gz,c4c5b7270c65ed94cfc29953a1bb31e1,c4c5b727,31,DNA,0,1000,1238,0,"GCA_002878035.1 Sulfurihydrogenibium sp., ASM287803v1",/dev/fd/63
signatures/4aac4c04a1722458f2a4c4f8a11481f9.sig.gz,4aac4c04a1722458f2a4c4f8a11481f9,4aac4c04,31,DNA,0,1000,1589,0,"GCA_003510745.1 Sulfurihydrogenibium sp., ASM351074v1",/dev/fd/63
signatures/1c729d1b4c2b2aacad37b5a8530f2850.sig.gz,1c729d1b4c2b2aacad37b5a8530f2850,1c729d1b,31,DNA,0,1000,3247,0,"GCA_003513425.1 Desulfovibrio sp., ASM351342v1",/dev/fd/63
signatures/fe6d742c112f60d53d86508f92cd2b32.sig.gz,fe6d742c112f60d53d86508f92cd2b32,fe6d742c,31,DNA,0,1000,2516,0,"GCA_003514505.1 Proteiniclasticum sp., ASM351450v1",/dev/fd/63
signatures/3edf2e121d921fccf8e96d1287bd5e8a.sig.gz,3edf2e121d921fccf8e96d1287bd5e8a,3edf2e12,31,DNA,0,1000,1979,0,"GCA_003517435.1 Chlorobium sp., ASM351743v1",/dev/fd/63
signatures/da359c7d4839e1bd472c065804809a68.sig.gz,da359c7d4839e1bd472c065804809a68,da359c7d,31,DNA,0,1000,1564,0,"GCA_003543175.1 Hydrogenobaculum sp., ASM354317v1",/dev/fd/63
signatures/8e4e26b33e130b40fd96a9f2692d164b.sig.gz,8e4e26b33e130b40fd96a9f2692d164b,8e4e26b3,31,DNA,0,1000,6455,0,"GCA_011765705.1 Salinispora arenicola strain=BRA 172, ASM1176570v1",/dev/fd/63
signatures/d49c2de1c1a924d92e841802e1c57c93.sig.gz,d49c2de1c1a924d92e841802e1c57c93,d49c2de1,31,DNA,0,1000,2169,0,"GCF_000006985.1 Chlorobaculum tepidum TLS strain=TLS, ASM698v1",/dev/fd/63
signatures/78e186071f95b5f58b294343ce2d7ff8.sig.gz,78e186071f95b5f58b294343ce2d7ff8,78e18607,31,DNA,0,1000,1635,0,"GCF_000007185.1 Methanopyrus kandleri AV19 strain=AV19, ASM718v1",/dev/fd/63
signatures/4a154932a9c5ad4a44c2692edf8a6b34.sig.gz,4a154932a9c5ad4a44c2692edf8a6b34,4a154932,31,DNA,0,1000,2249,0,"GCF_000007225.1 Pyrobaculum aerophilum str. IM2 strain=IM2, ASM722v1",/dev/fd/63
signatures/714aa2c36122b1f1c0e8400e4d236e3b.sig.gz,714aa2c36122b1f1c0e8400e4d236e3b,714aa2c3,31,DNA,0,1000,1845,0,"GCF_000007305.1 Pyrococcus furiosus DSM 3638 strain=DSM 3638, ASM730v1",/dev/fd/63
signatures/56bdd31d168788f6b31dcd0751089a62.sig.gz,56bdd31d168788f6b31dcd0751089a62,56bdd31d,31,DNA,0,1000,5423,0,"GCF_000007345.1 Methanosarcina acetivorans C2A strain=C2A, ASM734v1",/dev/fd/63
signatures/16fb896404e24616e97adafab029a609.sig.gz,16fb896404e24616e97adafab029a609,16fb8964,31,DNA,0,1000,2848,0,"GCF_000008185.1 Treponema denticola ATCC 35405 strain=ATCC 35405, ASM818v1",/dev/fd/63
signatures/cee0a3fb7b00990a22be02b2b0a78418.sig.gz,cee0a3fb7b00990a22be02b2b0a78418,cee0a3fb,31,DNA,0,1000,2143,0,"GCF_000008665.1 Archaeoglobus fulgidus DSM 4304 strain=DSM 4304, ASM866v1",/dev/fd/63
signatures/d8ad9d2820efee039b6c50a767a603c8.sig.gz,d8ad9d2820efee039b6c50a767a603c8,d8ad9d28,31,DNA,0,1000,2742,0,"GCF_000009145.1 Nitrosomonas europaea ATCC 19718 strain=ATCC 19718, ASM914v1",/dev/fd/63
signatures/264cfdad44548ad96c4a24b6a514a877.sig.gz,264cfdad44548ad96c4a24b6a514a877,264cfdad,31,DNA,0,1000,7295,0,"GCF_000009705.1 Nostoc sp. PCC 7120 = FACHB-418 strain=PCC 7120, ASM970v1",/dev/fd/63
signatures/f3b3f1fde1daf747380e5c34717b290f.sig.gz,f3b3f1fde1daf747380e5c34717b290f,f3b3f1fd,31,DNA,0,1000,4629,0,"GCF_000010305.1 Gemmatimonas aurantiaca T-27 strain=T-27, ASM1030v1",/dev/fd/63
signatures/8acbe1802aebe9f0c23cc5428ac003ee.sig.gz,8acbe1802aebe9f0c23cc5428ac003ee,8acbe180,31,DNA,0,1000,1748,0,"GCF_000011105.1 Pyrococcus horikoshii OT3 strain=OT3, ASM1110v1",/dev/fd/63
signatures/15d80d7279c7fe46d00c230ba79b81f3.sig.gz,15d80d7279c7fe46d00c230ba79b81f3,15d80d72,31,DNA,0,1000,2679,0,"GCF_000011205.1 Sulfurisphaera tokodaii str. 7 strain=7, ASM1120v1",/dev/fd/63
signatures/d45be194ffb4596d4fa8845dd89d8d8d.sig.gz,d45be194ffb4596d4fa8845dd89d8d8d,d45be194,31,DNA,0,1000,1635,0,"GCF_000011585.1 Methanococcus maripaludis S2 strain=S2, ASM1158v1",/dev/fd/63
signatures/357c0e8c59953384de1f6c7605a60317.sig.gz,357c0e8c59953384de1f6c7605a60317,357c0e8c,31,DNA,0,1000,4575,0,"GCF_000011965.2 Ruegeria pomeroyi DSS-3 strain=DSS-3, ASM1196v2",/dev/fd/63
signatures/960cc77fc7b96d595712107aaa1524b5.sig.gz,960cc77fc7b96d595712107aaa1524b5,960cc77f,31,DNA,0,1000,5000,0,"GCF_000012825.1 Bacteroides vulgatus ATCC 8482 strain=ATCC 8482, ASM1282v1",/dev/fd/63
signatures/ee9cb05018009af43429e83e7d502a0a.sig.gz,ee9cb05018009af43429e83e7d502a0a,ee9cb050,31,DNA,0,1000,9540,0,"GCF_000013645.1 Paraburkholderia xenovorans LB400 strain=LB400, ASM1364v1",/dev/fd/63
signatures/9902df09c49eae79932ef40dccd508d7.sig.gz,9902df09c49eae79932ef40dccd508d7,9902df09,31,DNA,0,1000,2912,0,"GCF_000015125.1 Chlorobium phaeobacteroides DSM 266 strain=DSM 266, ASM1512v1",/dev/fd/63
signatures/4f6060905463539fc92cb5ee67552db5.sig.gz,4f6060905463539fc92cb5ee67552db5,4f606090,31,DNA,0,1000,3576,0,"GCF_000015485.1 Desulfovibrio vulgaris DP4 strain=DP4, ASM1548v1",/dev/fd/63
signatures/ad83523f64ee0e17faf8b825d5201533.sig.gz,ad83523f64ee0e17faf8b825d5201533,ad83523f,31,DNA,0,1000,1985,0,"GCF_000015805.1 Pyrobaculum calidifontis JCM 11548 strain=JCM 11548, ASM1580v1",/dev/fd/63
signatures/f16ed0263d531574f7b8c00b25abb975.sig.gz,f16ed0263d531574f7b8c00b25abb975,f16ed026,31,DNA,0,1000,3656,0,"GCF_000015865.1 Hungateiclostridium thermocellum ATCC 27405 strain=ATCC 27405, ASM1586v1",/dev/fd/63
signatures/4fcde47fa8b1e68ce4173be350ee2711.sig.gz,4fcde47fa8b1e68ce4173be350ee2711,4fcde47f,31,DNA,0,1000,1775,0,"GCF_000016125.1 Methanococcus maripaludis C5 strain=C5, ASM1612v1",/dev/fd/63
signatures/299321db294df4cb4ec008e414d200ae.sig.gz,299321db294df4cb4ec008e414d200ae,299321db,31,DNA,0,1000,2173,0,"GCF_000016385.1 Pyrobaculum arsenaticum DSM 13514 strain=DSM 13514, ASM1638v1",/dev/fd/63
signatures/e41c93cc239f49bd10ebd38dfd343075.sig.gz,e41c93cc239f49bd10ebd38dfd343075,e41c93cc,31,DNA,0,1000,5102,0,"GCF_000016425.1 Salinispora tropica CNB-440 strain=CNB-440, ASM1642v1",/dev/fd/63
signatures/8951157d23d89e5767ac5c7752d251d7.sig.gz,8951157d23d89e5767ac5c7752d251d7,8951157d,31,DNA,0,1000,2741,0,"GCF_000016545.1 Caldicellulosiruptor saccharolyticus DSM 8903 strain=DSM 8903, ASM1654v1",/dev/fd/63
signatures/745322649f94665adf60b2ee985746ca.sig.gz,745322649f94665adf60b2ee985746ca,74532264,31,DNA,0,1000,1777,0,"GCF_000016785.1 Thermotoga petrophila RKU-1 strain=RKU-1, ASM1678v1",/dev/fd/63
signatures/09a08691ce52952152f0e866a59f6261.sig.gz,09a08691ce52952152f0e866a59f6261,09a08691,31,DNA,0,1000,5177,0,"GCF_000017325.1 Shewanella baltica OS185 strain=OS185, ASM1732v1",/dev/fd/63
signatures/ed88074adf58a9cfce3a6e63ad414853.sig.gz,ed88074adf58a9cfce3a6e63ad414853,ed88074a,31,DNA,0,1000,1284,0,"GCF_000017945.1 Ignicoccus hospitalis KIN4/I strain=KIN4/I, ASM1794v1",/dev/fd/63
signatures/dfa50aeabf6119ce79f0df1cf8158008.sig.gz,dfa50aeabf6119ce79f0df1cf8158008,dfa50aea,31,DNA,0,1000,5050,0,"GCF_000018865.1 Chloroflexus aurantiacus J-10-fl strain=J-10-fl, ASM1886v1",/dev/fd/63
signatures/1d815f5d470aaafbbca434a2c84f7dc1.sig.gz,1d815f5d470aaafbbca434a2c84f7dc1,1d815f5d,31,DNA,0,1000,1854,0,"GCF_000018945.1 Thermotoga neapolitana DSM 4359 strain=DSM 4359, ASM1894v1",/dev/fd/63
signatures/123f408fa4f07b259bd53f8497dd56d2.sig.gz,123f408fa4f07b259bd53f8497dd56d2,123f408f,31,DNA,0,1000,2211,0,"GCF_000019085.1 Thermoanaerobacter pseudethanolicus ATCC 33223 strain=ATCC 33223; 39E, ASM1908v1",/dev/fd/63
signatures/0f0d961ba85aa942ce94cced7da03771.sig.gz,0f0d961ba85aa942ce94cced7da03771,0f0d961b,31,DNA,0,1000,3398,0,"GCF_000019485.1 Synechococcus sp. PCC 7002 strain=PCC 7002, ASM1948v1",/dev/fd/63
signatures/411679f88e1e2e6c7c70fbdc45cb3116.sig.gz,411679f88e1e2e6c7c70fbdc45cb3116,411679f8,31,DNA,0,1000,1837,0,"GCF_000019625.1 Thermotoga sp. RQ2 strain=RQ2, ASM1962v1",/dev/fd/63
signatures/0f774696d30402cc9416e4339e29d022.sig.gz,0f774696d30402cc9416e4339e29d022,0f774696,31,DNA,0,1000,4808,0,"GCF_000019785.1 Leptothrix cholodnii SP-6 strain=SP-6, ASM1978v1",/dev/fd/63
signatures/289407dcc3b5ed86aac3e60ea778049e.sig.gz,289407dcc3b5ed86aac3e60ea778049e,289407dc,31,DNA,0,1000,2713,0,"GCF_000020465.1 Chlorobium limicola DSM 245 strain=DSM 245, ASM2046v1",/dev/fd/63
signatures/9b9d2415557f08b37f99abd7b8acc396.sig.gz,9b9d2415557f08b37f99abd7b8acc396,9b9d2415,31,DNA,0,1000,2965,0,"GCF_000020645.1 Pelodictyon phaeoclathratiforme BU-1 strain=BU-1, ASM2064v1",/dev/fd/63
signatures/05abaf28975f70b7399c549052f64e01.sig.gz,05abaf28975f70b7399c549052f64e01,05abaf28,31,DNA,0,1000,1997,0,"GCF_000021565.1 Persephonella marina EX-H1 strain=EX-H1, ASM2156v1",/dev/fd/63
signatures/85e27bbbee2de4bc1b92fdf87495eb2e.sig.gz,85e27bbbee2de4bc1b92fdf87495eb2e,85e27bbb,31,DNA,0,1000,1839,0,"GCF_000021645.1 Dictyoglomus turgidum DSM 6724 strain=DSM 6724, ASM2164v1",/dev/fd/63
signatures/38729c6374925585db28916b82a6f513.sig.gz,38729c6374925585db28916b82a6f513,38729c63,31,DNA,0,1000,5238,0,"GCF_000021665.1 Shewanella baltica OS223 strain=OS223, ASM2166v1",/dev/fd/63
signatures/ed73b1c07017b8ce33f625409b0fd142.sig.gz,ed73b1c07017b8ce33f625409b0fd142,ed73b1c0,31,DNA,0,1000,2780,0,"GCF_000022325.1 Caldicellulosiruptor bescii DSM 6725 strain=DSM 6725, ASM2232v1",/dev/fd/63
signatures/324074c7287ed934af4fd0a6a459aa30.sig.gz,324074c7287ed934af4fd0a6a459aa30,324074c7,31,DNA,0,1000,4168,0,"GCF_000022565.1 Acidobacterium capsulatum ATCC 51196 strain=ATCC 51196, ASM2256v1",/dev/fd/63
signatures/c11126d0591db94cd3d1c8568499375f.sig.gz,c11126d0591db94cd3d1c8568499375f,c11126d0,31,DNA,0,1000,1478,0,"GCF_000025665.1 Aciduliprofundum boonei T469 strain=T469, ASM2566v1",/dev/fd/63
signatures/f299f676fc8922337c2c5d4c7d12e93a.sig.gz,f299f676fc8922337c2c5d4c7d12e93a,f299f676,31,DNA,0,1000,3950,0,"GCF_000025685.1 Haloferax volcanii DS2 strain=DS2, ASM2568v1",/dev/fd/63
signatures/ca6869d4abc24811464383043b077800.sig.gz,ca6869d4abc24811464383043b077800,ca6869d4,31,DNA,0,1000,1680,0,"GCF_000091665.1 Methanocaldococcus jannaschii DSM 2661 strain=DSM 2661, ASM9166v1",/dev/fd/63
signatures/09035b7cd317402c14fc924318845177.sig.gz,09035b7cd317402c14fc924318845177,09035b7c,31,DNA,0,1000,2520,0,"GCF_000144045.1 Cutibacterium acnes HL067PA1 strain=HL067PA1, ASM14404v1",/dev/fd/63
signatures/272eda69da90813c8c2e841e0555e5b0.sig.gz,272eda69da90813c8c2e841e0555e5b0,272eda69,31,DNA,0,1000,3520,0,"GCF_000152605.1 Sulfitobacter sp. EE-36 strain=EE-36, ASM15260v1",/dev/fd/63
signatures/5f3cd303f3759ada3b1da0fe9f63c1f8.sig.gz,5f3cd303f3759ada3b1da0fe9f63c1f8,5f3cd303,31,DNA,0,1000,3859,0,"GCF_000152645.1 Sulfitobacter sp. NAS-14.1 strain=NAS-14.1, ASM15264v1",/dev/fd/63
signatures/112f1147a84d405033898f45cd1ef747.sig.gz,112f1147a84d405033898f45cd1ef747,112f1147,31,DNA,0,1000,2870,0,"GCF_000156375.1 Desulfovibrio piger ATCC 29098 strain=ATCC 29098, ASM15637v1",/dev/fd/63
signatures/cc3d6c32716f72f09e2d175fb156dc2b.sig.gz,cc3d6c32716f72f09e2d175fb156dc2b,cc3d6c32,31,DNA,0,1000,2689,0,"GCF_000172575.2 Enterococcus faecalis OG1RF strain=OG1RF, ASM17257v2",/dev/fd/63
signatures/ea1af81ce1042a3aaa59f860b8a39573.sig.gz,ea1af81ce1042a3aaa59f860b8a39573,ea1af81c,31,DNA,0,1000,1536,0,"GCF_000173615.1 Sulfurihydrogenibium yellowstonense SS-5 strain=SS-5, ASM17361v1",/dev/fd/63
signatures/4d260a2e768d27ef2e2ec65bc61f4a57.sig.gz,4d260a2e768d27ef2e2ec65bc61f4a57,4d260a2e,31,DNA,0,1000,5304,0,"GCF_000195675.1 Bordetella bronchiseptica RB50 strain=RB50, ASM19567v1",/dev/fd/63
signatures/7141c3fbf206734950d13cadba0bf46c.sig.gz,7141c3fbf206734950d13cadba0bf46c,7141c3fb,31,DNA,0,1000,7040,0,"GCF_000196115.1 Rhodopirellula baltica SH 1 strain=1, ASM19611v1",/dev/fd/63
signatures/df6e82fd69a0fcd8acd3de6a8e5f7012.sig.gz,df6e82fd69a0fcd8acd3de6a8e5f7012,df6e82fd,31,DNA,0,1000,7496,0,"GCF_000330745.1 Rhodopirellula baltica SWK14 strain=SWK14, ASM33074v1",/dev/fd/63
signatures/5ce6c06fa71720b366c72138a273d4fe.sig.gz,5ce6c06fa71720b366c72138a273d4fe,5ce6c06f,31,DNA,0,1000,5873,0,"GCF_000373845.1 Salinispora arenicola CNS673 strain=CNS673, ASM37384v1",/dev/fd/63
signatures/0376e0e4e8f660a71512eec2bcbbc793.sig.gz,0376e0e4e8f660a71512eec2bcbbc793,0376e0e4,31,DNA,0,1000,5765,0,"GCF_000375005.1 Salinispora arenicola CNS051 strain=CNS051, ASM37500v1",/dev/fd/63
signatures/a424ccc8878c09c3fb9106568e750436.sig.gz,a424ccc8878c09c3fb9106568e750436,a424ccc8,31,DNA,0,1000,5711,0,"GCF_000377605.1 Salinispora arenicola CNT859 strain=CNT859, ASM37760v1",/dev/fd/63
signatures/a8976f8897f53c4f4647b205c71ea6e2.sig.gz,a8976f8897f53c4f4647b205c71ea6e2,a8976f88,31,DNA,0,1000,4059,0,"GCF_000379045.1 Sphingomonas melonis DAPP-PG 224 strain=DAPP-PG 224, ASM37904v1",/dev/fd/63
signatures/817fde92ee8bc4ba469d9aa9b75abe92.sig.gz,817fde92ee8bc4ba469d9aa9b75abe92,817fde92,31,DNA,0,1000,4026,0,"GCF_000419565.1 Sphingomonas melonis FR1 strain=FR1, ASM41956v1",/dev/fd/63
signatures/7007ea1781d79f21c762b60f51b92a5b.sig.gz,7007ea1781d79f21c762b60f51b92a5b,7007ea17,31,DNA,0,1000,2197,0,"GCF_001069785.1 Streptococcus parasanguinis strain=139.rep2_SPAR, ASM106978v1",/dev/fd/63
signatures/1159ba591399dac22482ac002429764d.sig.gz,1159ba591399dac22482ac002429764d,1159ba59,31,DNA,0,1000,2194,0,"GCF_001070575.1 Streptococcus parasanguinis strain=139.rep1_SPAR, ASM107057v1",/dev/fd/63
signatures/e7e266e536fc440fcfa4d2bb82cff958.sig.gz,e7e266e536fc440fcfa4d2bb82cff958,e7e266e5,31,DNA,0,1000,2113,0,"GCF_001314265.1 Porphyromonas gingivalis 381 strain=381, ASM131426v1",/dev/fd/63
signatures/03c6e78f14ab8af588f748653db2d6fb.sig.gz,03c6e78f14ab8af588f748653db2d6fb,03c6e78f,31,DNA,0,1000,4680,0,"GCF_002799245.1 Stenotrophomonas maltophilia strain=EA1, ASM279924v1",/dev/fd/63
signatures/6adb50e9af41350a70ae1c547d324917.sig.gz,6adb50e9af41350a70ae1c547d324917,6adb50e9,31,DNA,0,1000,5030,0,"GCF_002959625.1 Bacteroides vulgatus strain=ATCC 8492, ASM295962v1",/dev/fd/63
signatures/f3a90d4e5528864a5bcc8434b0d0c3b1.sig.gz,f3a90d4e5528864a5bcc8434b0d0c3b1,f3a90d4e,31,DNA,0,1000,2701,0,"GCF_008000975.1 Akkermansia muciniphila strain=DSM 22959, ASM800097v1",/dev/fd/63
signatures/a4026f5ca15ccc6b14abb7b7e5e494cb.sig.gz,a4026f5ca15ccc6b14abb7b7e5e494cb,a4026f5c,31,DNA,0,1000,2464,0,"GCF_013137915.1 Fusobacterium nucleatum strain=Fn12230, ASM1313791v1",/dev/fd/63
signatures/ac4365fef7173b49d2cdea0bfdd24bda.sig.gz,ac4365fef7173b49d2cdea0bfdd24bda,ac4365fe,31,DNA,0,1000,2182,0,"GCF_015556095.1 Streptococcus parasanguinis strain=1001095IJ_161003_H11, ASM1555609v1",/dev/fd/63
signatures/3ccfe58a75588cf84de5397eabe7187d.sig.gz,3ccfe58a75588cf84de5397eabe7187d,3ccfe58a,31,DNA,0,1000,2199,0,"GCF_015557775.1 Streptococcus parasanguinis strain=D55t1_190419_F12, ASM1555777v1",/dev/fd/63
signatures/b17ad0093b4a7c3d1133b04e315960a3.sig.gz,b17ad0093b4a7c3d1133b04e315960a3,b17ad009,31,DNA,0,1000,2082,0,"GCF_015559215.1 Streptococcus parasanguinis strain=D43t1_170807_F3, ASM1555921v1",/dev/fd/63
signatures/f870793cbe085f6f001ea3d4dd8aedec.sig.gz,f870793cbe085f6f001ea3d4dd8aedec,f870793c,31,DNA,0,1000,2102,0,"GCF_016648735.1 Streptococcus parasanguinis strain=12.1, ASM1664873v1",/dev/fd/63
signatures/f3a90d4e5528864a5bcc8434b0d0c3b1.sig.gz_0,f3a90d4e5528864a5bcc8434b0d0c3b1,f3a90d4e,31,DNA,0,1000,2701,0,"GCF_018140615.1 Akkermansia muciniphila strain=AMUC, ASM1814061v1",/dev/fd/63
signatures/431dbe0f438bd780faa91c0f8dfd3195.sig.gz,431dbe0f438bd780faa91c0f8dfd3195,431dbe0f,31,DNA,0,1000,2147,0,"GCF_019884805.1 Thermus thermophilus strain=N-1, ASM1988480v1",/dev/fd/63
signatures/de60e2d2b207e0ee10dd7c50ac817abb.sig.gz,de60e2d2b207e0ee10dd7c50ac817abb,de60e2d2,31,DNA,0,1000,3787,0,"GCF_019904315.1 Geobacter sulfurreducens strain=PCA_v2, ASM1990431v1",/dev/fd/63
signatures/3c8ceb28ca13187dfa48770a6d971c1c.sig.gz,3c8ceb28ca13187dfa48770a6d971c1c,3c8ceb28,31,DNA,0,1000,2160,0,"GCF_020162135.1 Zymomonas mobilis strain=ZM481, ASM2016213v1",/dev/fd/63
signatures/873822246822f8b6bfb60146d937a0d6.sig.gz,873822246822f8b6bfb60146d937a0d6,87382224,31,DNA,0,1000,6332,0,"GCF_020179505.1 Bacteroides thetaiotaomicron strain=Bt9236, ASM2017950v1",/dev/fd/63
signatures/5164cdbb6aabe74311ef1c55aed103b8.sig.gz,5164cdbb6aabe74311ef1c55aed103b8,5164cdbb,31,DNA,0,1000,3247,0,"GCF_020546685.1 Deinococcus radiodurans ATCC 13939 strain=ATCC 13939, ASM2054668v1",/dev/fd/63
signatures/448dc56d51857321fb910cde8bf212c0.sig.gz,448dc56d51857321fb910cde8bf212c0,448dc56d,31,DNA,0,1000,2501,0,"GCF_020562075.1 Streptococcus salivarius strain=DFI.1.40, ASM2056207v1",/dev/fd/63
signatures/a8fe2c92297f627b1bd5fa319f0e9fe2.sig.gz,a8fe2c92297f627b1bd5fa319f0e9fe2,a8fe2c92,31,DNA,0,1000,5421,0,"GCF_023845025.1 Salinispora arenicola strain=RJA3005, ASM2384502v1",/dev/fd/63
signatures/08a7e8122383feb4f03413e87457084a.sig.gz,08a7e8122383feb4f03413e87457084a,08a7e812,31,DNA,0,1000,3252,0,"GCF_900115135.1 Proteiniclasticum ruminis strain=ML2, IMG-taxon 2642422541 annotated assembly",/dev/fd/63
signatures/ed73b1c07017b8ce33f625409b0fd142.sig.gz_0,ed73b1c07017b8ce33f625409b0fd142,ed73b1c0,31,DNA,0,1000,2780,0,"GCF_900184165.1 Caldicellulosiruptor bescii strain=DSMZ 6725, IMG-taxon 2663762791 annotated assembly",/dev/fd/63
signatures/cdce2f97e9d8a510cf0ad4ea74b3868d.sig.gz,cdce2f97e9d8a510cf0ad4ea74b3868d,cdce2f97,31,DNA,0,1000,2030,0,"GCF_900637325.1 Wolinella succinogenes strain=NCTC11488, 50569_E01",/dev/fd/63
signatures/112f1147a84d405033898f45cd1ef747.sig.gz_0,112f1147a84d405033898f45cd1ef747,112f1147,31,DNA,0,1000,2870,0,"GCF_902373865.1 Desulfovibrio piger, MGYG-HGUT-01321",/dev/fd/63
