intersect_bp,f_orig_query,f_match,f_unique_to_query,f_unique_weighted,average_abund,median_abund,std_abund,match_filename,match_name,match_md5,f_match_orig,unique_intersect_bp,gather_result_rank,remaining_bp,query_filename,query_name,query_md5,query_bp,ksize,moltype,scaled,query_n_hashes,query_abundance,query_containment_ani,match_containment_ani,average_containment_ani,max_containment_ani,n_unique_weighted_found,sum_weighted_found,total_weighted_hashes
9304000,0.021896143934669286,0.9752620545073375,0.021896143934669286,0.008374621538741904,6.717325881341359,6.0,5.883694395959741,signatures/ee9cb05018009af43429e83e7d502a0a.sig.gz,"GCF_000013645.1 Paraburkholderia xenovorans LB400 strain=LB400, ASM1364v1",ee9cb05018009af43429e83e7d502a0a,0.9752620545073375,9304000,0,415611000,outputs.paper/trim/SRR606249.trim.fq.gz,SRR606249,1b1b1d8e954aa9b36214fcaddf05c178,424915000,31,DNA,1000,424915,true,0.8840228124268892,0.9991922918479889,0.941607552137439,0.9991922918479889,62498,62498,7462785
7288000,0.017151665627243094,0.9990404386566141,0.017151665627243094,0.02330055066573672,23.859357848518112,18.0,30.15786501759856,signatures/264cfdad44548ad96c4a24b6a514a877.sig.gz,"GCF_000009705.1 Nostoc sp. PCC 7120 = FACHB-418 strain=PCC 7120, ASM970v1",264cfdad44548ad96c4a24b6a514a877,0.9990404386566141,7288000,1,408323000,outputs.paper/trim/SRR606249.trim.fq.gz,SRR606249,1b1b1d8e954aa9b36214fcaddf05c178,424915000,31,DNA,1000,424915,true,0.8770859189743443,0.9999690320273533,0.9385274755008488,0.9999690320273533,173887,236385,7462785
7039000,0.01656566607439135,0.9998579545454546,0.01656566607439135,0.08909890878539312,94.46313396789317,92.0,28.31351929391231,signatures/7141c3fbf206734950d13cadba0bf46c.sig.gz,"GCF_000196115.1 Rhodopirellula baltica SH 1 strain=1, ASM19611v1",7141c3fbf206734950d13cadba0bf46c,0.9998579545454546,7039000,2,401284000,outputs.paper/trim/SRR606249.trim.fq.gz,SRR606249,1b1b1d8e954aa9b36214fcaddf05c178,424915000,31,DNA,1000,424915,true,0.8761029161265562,0.9999954175735976,0.9380491668500769,0.9999954175735976,664926,901311,7462785
6604000,0.015541931915794924,0.9996972449288526,0.015541931915794924,0.014390606187904382,16.261962447001817,16.0,6.783946259918576,signatures/5165e0f27ae96c8a78da00c2d30a8e36.sig.gz,"GCA_000018565.1 Herpetosiphon aurantiacus DSM 785, ASM1856v1",5165e0f27ae96c8a78da00c2d30a8e36,0.9996972449288526,6604000,3,394680000,outputs.paper/trim/SRR606249.trim.fq.gz,SRR606249,1b1b1d8e954aa9b36214fcaddf05c178,424915000,31,DNA,1000,424915,true,0.8743019593871876,0.9999902322763911,0.9371460958317893,0.9999902322763911,107394,1008705,7462785
6326000,0.014887683419036749,0.9990524320909665,0.014887683419036749,0.01470644002205611,17.34919380335125,16.0,8.746325102358275,signatures/873822246822f8b6bfb60146d937a0d6.sig.gz,"GCF_020179505.1 Bacteroides thetaiotaomicron strain=Bt9236, ASM2017950v1",873822246822f8b6bfb60146d937a0d6,0.9990524320909665,6326000,4,388354000,outputs.paper/trim/SRR606249.trim.fq.gz,SRR606249,1b1b1d8e954aa9b36214fcaddf05c178,424915000,31,DNA,1000,424915,true,0.873089850217655,0.9999694192696869,0.9365296347436709,0.9999694192696869,109751,1118456,7462785
5422000,0.012760199098643258,0.9998156002212797,0.012760199098643258,0.010080419039272872,13.874585023976392,13.0,11.105764948426147,signatures/56bdd31d168788f6b31dcd0751089a62.sig.gz,"GCF_000007345.1 Methanosarcina acetivorans C2A strain=C2A, ASM734v1",56bdd31d168788f6b31dcd0751089a62,0.9998156002212797,5422000,5,382932000,outputs.paper/trim/SRR606249.trim.fq.gz,SRR606249,1b1b1d8e954aa9b36214fcaddf05c178,424915000,31,DNA,1000,424915,true,0.8687576211386532,0.9999940510892287,0.9343758361139409,0.9999940510892287,75228,1193684,7462785
5187000,0.012207147311815304,0.9902634593356243,0.012207147311815304,0.008142000607011993,11.714285714285714,9.0,15.065953401136216,signatures/38729c6374925585db28916b82a6f513.sig.gz,"GCF_000021665.1 Shewanella baltica OS223 strain=OS223, ASM2166v1",38729c6374925585db28916b82a6f513,0.9902634593356243,5187000,6,377745000,outputs.paper/trim/SRR606249.trim.fq.gz,SRR606249,1b1b1d8e954aa9b36214fcaddf05c178,424915000,31,DNA,1000,424915,true,0.8675167660950394,0.9996844288122182,0.9336005974536288,0.9996844288122182,60762,1254446,7462785
5165000,0.012155372250920773,0.972473604826546,0.012138898367908876,0.007441457847170996,10.766576192322606,9.0,7.785822383859799,signatures/4d260a2e768d27ef2e2ec65bc61f4a57.sig.gz,"GCF_000195675.1 Bordetella bronchiseptica RB50 strain=RB50, ASM19567v1",4d260a2e768d27ef2e2ec65bc61f4a57,0.9737933634992458,5158000,7,372587000,outputs.paper/trim/SRR606249.trim.fq.gz,SRR606249,1b1b1d8e954aa9b36214fcaddf05c178,424915000,31,DNA,1000,424915,true,0.8673598832172804,0.9991000069973638,0.933229945107322,0.9991000069973638,55534,1309980,7462785
5063000,0.011915324241318852,0.9921599372794982,0.01191297082946001,0.010281818382815531,15.158237850651917,14.0,9.786098836558088,signatures/e41c93cc239f49bd10ebd38dfd343075.sig.gz,"GCF_000016425.1 Salinispora tropica CNB-440 strain=CNB-440, ASM1642v1",e41c93cc239f49bd10ebd38dfd343075,0.9923559388475108,5062000,8,367525000,outputs.paper/trim/SRR606249.trim.fq.gz,SRR606249,1b1b1d8e954aa9b36214fcaddf05c178,424915000,31,DNA,1000,424915,true,0.8668343875361818,0.9997461303723912,0.9332902589542865,0.9997461303723912,76731,1386711,7462785
5050000,0.0118847298871539,0.9998019801980198,0.011882376475295059,0.01706681888865886,25.225985343632402,25.0,8.79813839402512,signatures/dfa50aeabf6119ce79f0df1cf8158008.sig.gz,"GCF_000018865.1 Chloroflexus aurantiacus J-10-fl strain=J-10-fl, ASM1886v1",dfa50aeabf6119ce79f0df1cf8158008,1.0,5049000,9,362476000,outputs.paper/trim/SRR606249.trim.fq.gz,SRR606249,1b1b1d8e954aa9b36214fcaddf05c178,424915000,31,DNA,1000,424915,true,0.8667624863753048,0.9999936116523253,0.933378049013815,0.9999936116523253,127366,1514077,7462785
5000000,0.011767059294211783,0.9894,0.011642328465693139,0.009140019443143545,13.788154437032546,13.0,8.288754657973108,signatures/960cc77fc7b96d595712107aaa1524b5.sig.gz,"GCF_000012825.1 Bacteroides vulgatus ATCC 8482 strain=ATCC 8482, ASM1282v1",960cc77fc7b96d595712107aaa1524b5,1.0,4947000,10,357529000,outputs.paper/trim/SRR606249.trim.fq.gz,SRR606249,1b1b1d8e954aa9b36214fcaddf05c178,424915000,31,DNA,1000,424915,true,0.8661920404849182,0.9996562984276799,0.9329241694562991,0.9996562984276799,68210,1582287,7462785
4754000,0.011188119976936564,0.9864808652246256,0.011162232446489298,0.011520230048165665,18.12629137676576,16.0,11.954948740218828,signatures/0f774696d30402cc9416e4339e29d022.sig.gz,"GCF_000019785.1 Leptothrix cholodnii SP-6 strain=SP-6, ASM1978v1",0f774696d30402cc9416e4339e29d022,0.9887687188019967,4743000,11,352786000,outputs.paper/trim/SRR606249.trim.fq.gz,SRR606249,1b1b1d8e954aa9b36214fcaddf05c178,424915000,31,DNA,1000,424915,true,0.8650161737407193,0.9995610205623428,0.932288597151531,0.9995610205623428,85973,1668260,7462785
4629000,0.01089394349458127,1.0,0.01089394349458127,0.037840162888251504,61.005184705119895,60.0,20.110635212312502,signatures/f3b3f1fde1daf747380e5c34717b290f.sig.gz,"GCF_000010305.1 Gemmatimonas aurantiaca T-27 strain=T-27, ASM1030v1",f3b3f1fde1daf747380e5c34717b290f,1.0,4629000,12,348157000,outputs.paper/trim/SRR606249.trim.fq.gz,SRR606249,1b1b1d8e954aa9b36214fcaddf05c178,424915000,31,DNA,1000,424915,true,0.8643375702105417,1.0,0.9321687851052709,1.0,282393,1950653,7462785
4530000,0.010660955720555875,0.9899453551912568,0.010658602308697033,0.005693852898080274,9.382203576948553,8.0,9.626422358316153,signatures/357c0e8c59953384de1f6c7605a60317.sig.gz,"GCF_000011965.2 Ruegeria pomeroyi DSS-3 strain=DSS-3, ASM1196v2",357c0e8c59953384de1f6c7605a60317,0.9901639344262295,4529000,13,343628000,outputs.paper/trim/SRR606249.trim.fq.gz,SRR606249,1b1b1d8e954aa9b36214fcaddf05c178,424915000,31,DNA,1000,424915,true,0.8637288533339926,0.9996740681546376,0.931701460744315,0.9996740681546376,42492,1993145,7462785
4529000,0.010658602308697033,0.7253533117657075,0.010025534518668439,0.007956815049609496,13.938967136150234,13.0,8.044887733927816,signatures/5ce6c06fa71720b366c72138a273d4fe.sig.gz,"GCF_000373845.1 Salinispora arenicola CNS673 strain=CNS673, ASM37384v1",5ce6c06fa71720b366c72138a273d4fe,0.7711561382598331,4260000,14,339368000,outputs.paper/trim/SRR606249.trim.fq.gz,SRR606249,1b1b1d8e954aa9b36214fcaddf05c178,424915000,31,DNA,1000,424915,true,0.8620244775113136,0.9896955099074636,0.9258599937093885,0.9896955099074636,59380,2052525,7462785
4168000,0.009809020627654944,0.9997600767754319,0.0098066672157961,0.030912722261193376,55.36237101031917,55.0,17.934919677499334,signatures/324074c7287ed934af4fd0a6a459aa30.sig.gz,"GCF_000022565.1 Acidobacterium capsulatum ATCC 51196 strain=ATCC 51196, ASM2256v1",324074c7287ed934af4fd0a6a459aa30,1.0,4167000,15,335201000,outputs.paper/trim/SRR606249.trim.fq.gz,SRR606249,1b1b1d8e954aa9b36214fcaddf05c178,424915000,31,DNA,1000,424915,true,0.8614109120827064,0.9999922596425131,0.9307015858626098,0.9999922596425131,230695,2283220,7462785
3932000,0.009253615428968147,0.9954430379746836,0.009253615428968147,0.00993717492866269,18.86037639877925,17.0,15.452700339192198,signatures/f299f676fc8922337c2c5d4c7d12e93a.sig.gz,"GCF_000025685.1 Haloferax volcanii DS2 strain=DS2, ASM2568v1",f299f676fc8922337c2c5d4c7d12e93a,0.9954430379746836,3932000,16,331269000,outputs.paper/trim/SRR606249.trim.fq.gz,SRR606249,1b1b1d8e954aa9b36214fcaddf05c178,424915000,31,DNA,1000,424915,true,0.8597994113390136,0.9998526761232892,0.9298260437311514,0.9998526761232892,74159,2357379,7462785
3859000,0.009081816363272655,0.9987043275459964,0.009070049303978443,0.043402697518419735,84.04385054488843,72.0,46.60021534139665,signatures/5f3cd303f3759ada3b1da0fe9f63c1f8.sig.gz,"GCF_000152645.1 Sulfitobacter sp. NAS-14.1 strain=NAS-14.1, ASM15264v1",5f3cd303f3759ada3b1da0fe9f63c1f8,1.0,3854000,17,327415000,outputs.paper/trim/SRR606249.trim.fq.gz,SRR606249,1b1b1d8e954aa9b36214fcaddf05c178,424915000,31,DNA,1000,424915,true,0.8592438655835957,0.9999581778886557,0.9296010217361257,0.9999581778886557,323905,2681284,7462785
3777000,0.008888836590847582,0.9973593873778717,0.008888836590847582,0.0268182722669888,52.988880063542496,52.0,20.61834392377417,signatures/de60e2d2b207e0ee10dd7c50ac817abb.sig.gz,"GCF_019904315.1 Geobacter sulfurreducens strain=PCA_v2, ASM1990431v1",de60e2d2b207e0ee10dd7c50ac817abb,0.9973593873778717,3777000,18,323638000,outputs.paper/trim/SRR606249.trim.fq.gz,SRR606249,1b1b1d8e954aa9b36214fcaddf05c178,424915000,31,DNA,1000,424915,true,0.8586846652846086,0.9999147099216205,0.9292996876031145,0.9999147099216205,200139,2881423,7462785
3656000,0.008604073755927656,1.0,0.008604073755927656,0.012336279284476238,25.181345733041574,24.0,16.191134482356862,signatures/f16ed0263d531574f7b8c00b25abb975.sig.gz,"GCF_000015865.1 Hungateiclostridium thermocellum ATCC 27405 strain=ATCC 27405, ASM1586v1",f16ed0263d531574f7b8c00b25abb975,1.0,3656000,19,319982000,outputs.paper/trim/SRR606249.trim.fq.gz,SRR606249,1b1b1d8e954aa9b36214fcaddf05c178,424915000,31,DNA,1000,424915,true,0.8577832320707395,1.0,0.9288916160353697,1.0,92063,2973486,7462785
3247000,0.0076415283056611326,1.0,0.0076415283056611326,0.008374755536974468,19.24822913458577,19.0,7.554624551560224,signatures/1c729d1b4c2b2aacad37b5a8530f2850.sig.gz,"GCA_003513425.1 Desulfovibrio sp., ASM351342v1",1c729d1b4c2b2aacad37b5a8530f2850,1.0,3247000,20,316735000,outputs.paper/trim/SRR606249.trim.fq.gz,SRR606249,1b1b1d8e954aa9b36214fcaddf05c178,424915000,31,DNA,1000,424915,true,0.854506737164222,1.0,0.9272533685821109,1.0,62499,3035985,7462785
3203000,0.0075379781838720685,0.9861410532799507,0.007535624772013226,0.0064119494263870655,14.944097439100561,12.0,17.304534265162005,signatures/5164cdbb6aabe74311ef1c55aed103b8.sig.gz,"GCF_020546685.1 Deinococcus radiodurans ATCC 13939 strain=ATCC 13939, ASM2054668v1",5164cdbb6aabe74311ef1c55aed103b8,0.9864490298737296,3202000,21,313533000,outputs.paper/trim/SRR606249.trim.fq.gz,SRR606249,1b1b1d8e954aa9b36214fcaddf05c178,424915000,31,DNA,1000,424915,true,0.8541221336706873,0.9995499116896246,0.926836022680156,0.9995499116896246,47851,3083836,7462785
2963000,0.006973159337749903,0.9993254637436763,0.006973159337749903,0.01118268850033868,28.165372932838338,27.0,18.442080958282776,signatures/9b9d2415557f08b37f99abd7b8acc396.sig.gz,"GCF_000020645.1 Pelodictyon phaeoclathratiforme BU-1 strain=BU-1, ASM2064v1",9b9d2415557f08b37f99abd7b8acc396,0.9993254637436763,2963000,22,310570000,outputs.paper/trim/SRR606249.trim.fq.gz,SRR606249,1b1b1d8e954aa9b36214fcaddf05c178,424915000,31,DNA,1000,424915,true,0.851987479440995,0.9999782336608173,0.9259828565509061,0.9999782336608173,83454,3167290,7462785
2912000,0.0068531353329489425,0.9872939560439561,0.006766059094171776,0.012078064690326734,31.351652173913042,29.0,28.715827961791245,signatures/9902df09c49eae79932ef40dccd508d7.sig.gz,"GCF_000015125.1 Chlorobium phaeobacteroides DSM 266 strain=DSM 266, ASM1512v1",9902df09c49eae79932ef40dccd508d7,1.0,2875000,23,307695000,outputs.paper/trim/SRR606249.trim.fq.gz,SRR606249,1b1b1d8e954aa9b36214fcaddf05c178,424915000,31,DNA,1000,424915,true,0.851159266869079,0.9995875864824526,0.9253734266757658,0.9995875864824526,90136,3257426,7462785
2865000,0.006742524975583352,0.997212543554007,0.006735464740006825,0.012214474891076186,31.84975541579315,30.0,20.07570746794495,signatures/112f1147a84d405033898f45cd1ef747.sig.gz,"GCF_902373865.1 Desulfovibrio piger, MGYG-HGUT-01321",112f1147a84d405033898f45cd1ef747,0.9982578397212544,2862000,24,304833000,outputs.paper/trim/SRR606249.trim.fq.gz,SRR606249,1b1b1d8e954aa9b36214fcaddf05c178,424915000,31,DNA,1000,424915,true,0.8510348421599037,0.9999099605493665,0.9254724013546352,0.9999099605493665,91154,3348580,7462785
2848000,0.006702516973983032,1.0,0.006702516973983032,0.01681195425032344,44.05337078651685,43.0,13.93773633901055,signatures/16fb896404e24616e97adafab029a609.sig.gz,"GCF_000008185.1 Treponema denticola ATCC 35405 strain=ATCC 35405, ASM818v1",16fb896404e24616e97adafab029a609,1.0,2848000,25,301985000,outputs.paper/trim/SRR606249.trim.fq.gz,SRR606249,1b1b1d8e954aa9b36214fcaddf05c178,424915000,31,DNA,1000,424915,true,0.850900233161821,1.0,0.9254501165809105,1.0,125464,3474044,7462785
2780000,0.006542484967581752,0.9996402877697842,0.006540131555722909,0.01039745885751767,27.921554516012954,23.0,44.13294425053005,signatures/ed73b1c07017b8ce33f625409b0fd142.sig.gz,"GCF_900184165.1 Caldicellulosiruptor bescii strain=DSMZ 6725, IMG-taxon 2663762791 annotated assembly",ed73b1c07017b8ce33f625409b0fd142,1.0,2779000,26,299206000,outputs.paper/trim/SRR606249.trim.fq.gz,SRR606249,1b1b1d8e954aa9b36214fcaddf05c178,424915000,31,DNA,1000,424915,true,0.8502273043815917,0.9999883943595338,0.9251078493705627,0.9999883943595338,77594,3551638,7462785
2728000,0.006420107550921949,0.9945295404814004,0.006417754139063107,0.031784514762250284,86.98239823982398,83.0,47.66482088910791,signatures/d8ad9d2820efee039b6c50a767a603c8.sig.gz,"GCF_000009145.1 Nitrosomonas europaea ATCC 19718 strain=ATCC 19718, ASM914v1",d8ad9d2820efee039b6c50a767a603c8,0.9948942377826404,2727000,27,296479000,outputs.paper/trim/SRR606249.trim.fq.gz,SRR606249,1b1b1d8e954aa9b36214fcaddf05c178,424915000,31,DNA,1000,424915,true,0.8497093982025042,0.9998230647749909,0.9247662314887476,0.9998230647749909,237201,3788839,7462785
2701000,0.006356565430733206,1.0,0.006356565430733206,0.008856747179504703,24.470936690114772,24.0,8.534291057503992,signatures/f3a90d4e5528864a5bcc8434b0d0c3b1.sig.gz,"GCF_018140615.1 Akkermansia muciniphila strain=AMUC, ASM1814061v1",f3a90d4e5528864a5bcc8434b0d0c3b1,1.0,2701000,28,293778000,outputs.paper/trim/SRR606249.trim.fq.gz,SRR606249,1b1b1d8e954aa9b36214fcaddf05c178,424915000,31,DNA,1000,424915,true,0.8494468503622261,1.0,0.9247234251811131,1.0,66096,3854935,7462785
2689000,0.006328324488427097,0.9996281145407214,0.006325971076568255,0.010343859564492344,28.718005952380953,28.0,9.57031171184456,signatures/cc3d6c32716f72f09e2d175fb156dc2b.sig.gz,"GCF_000172575.2 Enterococcus faecalis OG1RF strain=OG1RF, ASM17257v2",cc3d6c32716f72f09e2d175fb156dc2b,1.0,2688000,29,291090000,outputs.paper/trim/SRR606249.trim.fq.gz,SRR606249,1b1b1d8e954aa9b36214fcaddf05c178,424915000,31,DNA,1000,424915,true,0.8493146578889058,0.9999880015356652,0.9246513297122856,0.9999880015356652,77194,3932129,7462785
2679000,0.006304790369838674,1.0,0.006304790369838674,0.025634799876989623,71.40985442329227,69.0,26.408582058902496,signatures/15d80d7279c7fe46d00c230ba79b81f3.sig.gz,"GCF_000011205.1 Sulfurisphaera tokodaii str. 7 strain=7, ASM1120v1",15d80d7279c7fe46d00c230ba79b81f3,1.0,2679000,30,288411000,outputs.paper/trim/SRR606249.trim.fq.gz,SRR606249,1b1b1d8e954aa9b36214fcaddf05c178,424915000,31,DNA,1000,424915,true,0.8492227770927079,1.0,0.9246113885463539,1.0,191307,4123436,7462785
2713000,0.006384806373039314,0.9848875783265757,0.006288316486826777,0.012300099761684143,34.35366766467066,33.0,20.629436413239148,signatures/289407dcc3b5ed86aac3e60ea778049e.sig.gz,"GCF_000020465.1 Chlorobium limicola DSM 245 strain=DSM 245, ASM2046v1",289407dcc3b5ed86aac3e60ea778049e,1.0,2672000,31,285739000,outputs.paper/trim/SRR606249.trim.fq.gz,SRR606249,1b1b1d8e954aa9b36214fcaddf05c178,424915000,31,DNA,1000,424915,true,0.84915110749844,0.9995089019828878,0.924330004740664,0.9995089019828878,91793,4215229,7462785
5167000,0.012160079074638458,0.509754684180027,0.00621065389548498,0.0028632742334128614,8.097006441834028,7.0,5.48424891051647,signatures/09a08691ce52952152f0e866a59f6261.sig.gz,"GCF_000017325.1 Shewanella baltica OS185 strain=OS185, ASM1732v1",09a08691ce52952152f0e866a59f6261,0.9980683793702917,2639000,32,283100000,outputs.paper/trim/SRR606249.trim.fq.gz,SRR606249,1b1b1d8e954aa9b36214fcaddf05c178,424915000,31,DNA,1000,424915,true,0.8488107702657143,0.9784982190093908,0.9136544946375525,0.9784982190093908,21368,4236597,7462785
2740000,0.006448348493228058,0.9489237504560379,0.00612122424484897,0.01146060083467499,32.88273740868897,31.0,26.51429387453827,signatures/8951157d23d89e5767ac5c7752d251d7.sig.gz,"GCF_000016545.1 Caldicellulosiruptor saccharolyticus DSM 8903 strain=DSM 8903, ASM1654v1",8951157d23d89e5767ac5c7752d251d7,0.9996351696461145,2601000,33,280499000,outputs.paper/trim/SRR606249.trim.fq.gz,SRR606249,1b1b1d8e954aa9b36214fcaddf05c178,424915000,31,DNA,1000,424915,true,0.8484137272937905,0.9983102411606872,0.9233619842272389,0.9983102411606872,85528,4322125,7462785
2516000,0.005921184236847369,1.0,0.005921184236847369,0.009022770989650647,26.762718600953896,26.0,10.76622048719987,signatures/fe6d742c112f60d53d86508f92cd2b32.sig.gz,"GCA_003514505.1 Proteiniclasticum sp., ASM351450v1",fe6d742c112f60d53d86508f92cd2b32,1.0,2516000,34,277983000,outputs.paper/trim/SRR606249.trim.fq.gz,SRR606249,1b1b1d8e954aa9b36214fcaddf05c178,424915000,31,DNA,1000,424915,true,0.8475048887623506,1.0,0.9237524443811753,1.0,67335,4389460,7462785
2464000,0.005798806820187567,0.9995941558441559,0.005796453408328724,0.004746083399159965,14.380430369468128,13.0,14.313021375473662,signatures/a4026f5ca15ccc6b14abb7b7e5e494cb.sig.gz,"GCF_013137915.1 Fusobacterium nucleatum strain=Fn12230, ASM1313791v1",a4026f5ca15ccc6b14abb7b7e5e494cb,1.0,2463000,35,275520000,outputs.paper/trim/SRR606249.trim.fq.gz,SRR606249,1b1b1d8e954aa9b36214fcaddf05c178,424915000,31,DNA,1000,424915,true,0.8469230380944426,0.9999869056814451,0.9234549718879439,0.9999869056814451,35419,4424879,7462785
2247000,0.005288116446818775,0.9991107158737217,0.005288116446818775,0.018777038330864415,62.36270582999555,61.0,16.97750278130339,signatures/4a154932a9c5ad4a44c2692edf8a6b34.sig.gz,"GCF_000007225.1 Pyrobaculum aerophilum str. IM2 strain=IM2, ASM722v1",4a154932a9c5ad4a44c2692edf8a6b34,0.9991107158737217,2247000,36,273273000,outputs.paper/trim/SRR606249.trim.fq.gz,SRR606249,1b1b1d8e954aa9b36214fcaddf05c178,424915000,31,DNA,1000,424915,true,0.8444191952695651,0.9999713010642743,0.9221952481669198,0.9999713010642743,140129,4565008,7462785
2210000,0.005201040208041608,0.9990954319312528,0.005198686796182766,0.006394797652618962,21.60389316432775,20.0,14.188066296135416,signatures/123f408fa4f07b259bd53f8497dd56d2.sig.gz,"GCF_000019085.1 Thermoanaerobacter pseudethanolicus ATCC 33223 strain=ATCC 33223; 39E, ASM1908v1",123f408fa4f07b259bd53f8497dd56d2,0.9995477159656264,2209000,37,271064000,outputs.paper/trim/SRR606249.trim.fq.gz,SRR606249,1b1b1d8e954aa9b36214fcaddf05c178,424915000,31,DNA,1000,424915,true,0.843954727188978,0.9999708076055472,0.9219627673972626,0.9999708076055472,47723,4612731,7462785
2169000,0.0051045503218290714,0.9981558321807285,0.0050951366743937025,0.010491391618544552,36.16397228637413,36.0,10.491892610434283,signatures/d49c2de1c1a924d92e841802e1c57c93.sig.gz,"GCF_000006985.1 Chlorobaculum tepidum TLS strain=TLS, ASM698v1",d49c2de1c1a924d92e841802e1c57c93,1.0,2165000,38,268899000,outputs.paper/trim/SRR606249.trim.fq.gz,SRR606249,1b1b1d8e954aa9b36214fcaddf05c178,424915000,31,DNA,1000,424915,true,0.8434071629529614,0.9999404575665829,0.9216738102597721,0.9999404575665829,78295,4691026,7462785
2171000,0.005109257145546757,0.9926369075011505,0.005076309379522964,0.010965343367120987,37.937876680574874,38.0,11.243247094467801,signatures/299321db294df4cb4ec008e414d200ae.sig.gz,"GCF_000016385.1 Pyrobaculum arsenaticum DSM 13514 strain=DSM 13514, ASM1638v1",299321db294df4cb4ec008e414d200ae,0.9990796134376438,2157000,39,266742000,outputs.paper/trim/SRR606249.trim.fq.gz,SRR606249,1b1b1d8e954aa9b36214fcaddf05c178,424915000,31,DNA,1000,424915,true,0.8433064499892933,0.9997616305478272,0.9215340402685602,0.9997616305478272,81832,4772858,7462785
2144000,0.005045715025358013,0.9976711690731253,0.005041008201640328,0.010106012701692464,35.20961718020541,34.0,16.16195001636582,signatures/431dbe0f438bd780faa91c0f8dfd3195.sig.gz,"GCF_019884805.1 Thermus thermophilus strain=N-1, ASM1988480v1",431dbe0f438bd780faa91c0f8dfd3195,0.9986027014438752,2142000,40,264600000,outputs.paper/trim/SRR606249.trim.fq.gz,SRR606249,1b1b1d8e954aa9b36214fcaddf05c178,424915000,31,DNA,1000,424915,true,0.8431166350373893,0.9999247916389007,0.921520713338145,0.9999247916389007,75419,4848277,7462785
2139000,0.005033947966063801,0.998133457769482,0.005033947966063801,0.024266275927820512,84.66292660121552,84.0,19.438133481130226,signatures/cee0a3fb7b00990a22be02b2b0a78418.sig.gz,"GCF_000008665.1 Archaeoglobus fulgidus DSM 4304 strain=DSM 4304, ASM866v1",cee0a3fb7b00990a22be02b2b0a78418,0.998133457769482,2139000,41,262461000,outputs.paper/trim/SRR606249.trim.fq.gz,SRR606249,1b1b1d8e954aa9b36214fcaddf05c178,424915000,31,DNA,1000,424915,true,0.8430785177277053,0.9999397345130964,0.9215091261204008,0.9999397345130964,181094,5029371,7462785
2131000,0.005015120671193062,0.986574074074074,0.005015120671193062,0.0025012110090267907,8.759267949319568,8.0,4.324122013345362,signatures/3c8ceb28ca13187dfa48770a6d971c1c.sig.gz,"GCF_020162135.1 Zymomonas mobilis strain=ZM481, ASM2016213v1",3c8ceb28ca13187dfa48770a6d971c1c,0.986574074074074,2131000,42,260330000,outputs.paper/trim/SRR606249.trim.fq.gz,SRR606249,1b1b1d8e954aa9b36214fcaddf05c178,424915000,31,DNA,1000,424915,true,0.842976618076333,0.9995640670277052,0.921270342552019,0.9995640670277052,18666,5048037,7462785
2113000,0.0049727592577338995,0.9981069569332702,0.0049633456102985305,0.007853234415838056,27.788999525841632,23.0,46.00663312509783,signatures/e7e266e536fc440fcfa4d2bb82cff958.sig.gz,"GCF_001314265.1 Porphyromonas gingivalis 381 strain=381, ASM131426v1",e7e266e536fc440fcfa4d2bb82cff958,1.0,2109000,43,258221000,outputs.paper/trim/SRR606249.trim.fq.gz,SRR606249,1b1b1d8e954aa9b36214fcaddf05c178,424915000,31,DNA,1000,424915,true,0.8426944733983429,0.9999388780893981,0.9213166757438704,0.9999388780893981,58607,5106644,7462785
2030000,0.004777426073449984,1.0,0.004777426073449984,0.0084400126762328,31.02758620689655,30.0,14.59489848067769,signatures/cdce2f97e9d8a510cf0ad4ea74b3868d.sig.gz,"GCF_900637325.1 Wolinella succinogenes strain=NCTC11488, 50569_E01",cdce2f97e9d8a510cf0ad4ea74b3868d,1.0,2030000,44,256191000,outputs.paper/trim/SRR606249.trim.fq.gz,SRR606249,1b1b1d8e954aa9b36214fcaddf05c178,424915000,31,DNA,1000,424915,true,0.8416572902344677,1.0,0.9208286451172338,1.0,62986,5169630,7462785
1997000,0.004699763482108187,1.0,0.004699763482108187,0.013916654439327946,52.00650976464697,50.0,15.131884170993919,signatures/05abaf28975f70b7399c549052f64e01.sig.gz,"GCF_000021565.1 Persephonella marina EX-H1 strain=EX-H1, ASM2156v1",05abaf28975f70b7399c549052f64e01,1.0,1997000,45,254194000,outputs.paper/trim/SRR606249.trim.fq.gz,SRR606249,1b1b1d8e954aa9b36214fcaddf05c178,424915000,31,DNA,1000,424915,true,0.8412124225879802,1.0,0.9206062112939901,1.0,103857,5273487,7462785
1985000,0.004671522539802078,0.9974811083123426,0.004659755480507866,0.014283541600086295,53.83585858585859,53.0,14.736638427457537,signatures/ad83523f64ee0e17faf8b825d5201533.sig.gz,"GCF_000015805.1 Pyrobaculum calidifontis JCM 11548 strain=JCM 11548, ASM1580v1",ad83523f64ee0e17faf8b825d5201533,1.0,1980000,46,252214000,outputs.paper/trim/SRR606249.trim.fq.gz,SRR606249,1b1b1d8e954aa9b36214fcaddf05c178,424915000,31,DNA,1000,424915,true,0.8409804642057268,0.9999186462309229,0.9204495552183248,0.9999186462309229,106595,5380082,7462785
1979000,0.004657402068649024,0.9964628600303184,0.004640928185637127,0.015107228735652976,57.171399594320484,56.0,14.078670352453837,signatures/3edf2e121d921fccf8e96d1287bd5e8a.sig.gz,"GCA_003517435.1 Chlorobium sp., ASM351743v1",3edf2e121d921fccf8e96d1287bd5e8a,1.0,1972000,47,250242000,outputs.paper/trim/SRR606249.trim.fq.gz,SRR606249,1b1b1d8e954aa9b36214fcaddf05c178,424915000,31,DNA,1000,424915,true,0.8408706396400527,0.9998857029698232,0.9203781713049379,0.9998857029698232,112742,5492824,7462785
3519000,0.008281656331266254,0.5545454545454546,0.00459385994846028,0.015009544024114321,57.38370901639344,57.0,18.293900739754346,signatures/272eda69da90813c8c2e841e0555e5b0.sig.gz,"GCF_000152605.1 Sulfitobacter sp. EE-36 strain=EE-36, ASM15260v1",272eda69da90813c8c2e841e0555e5b0,0.9997159090909091,1952000,48,248290000,outputs.paper/trim/SRR606249.trim.fq.gz,SRR606249,1b1b1d8e954aa9b36214fcaddf05c178,424915000,31,DNA,1000,424915,true,0.8405941805684135,0.9811601660798847,0.9108771733241491,0.9811601660798847,112013,5604837,7462785
1852000,0.0043585187625760444,0.9983818770226537,0.004356165350717202,0.025052309560036904,101.00486223662885,85.0,59.43672643758542,signatures/1d815f5d470aaafbbca434a2c84f7dc1.sig.gz,"GCF_000018945.1 Thermotoga neapolitana DSM 4359 strain=DSM 4359, ASM1894v1",1d815f5d470aaafbbca434a2c84f7dc1,0.9989212513484358,1851000,49,246439000,outputs.paper/trim/SRR606249.trim.fq.gz,SRR606249,1b1b1d8e954aa9b36214fcaddf05c178,424915000,31,DNA,1000,424915,true,0.8391547863015494,0.9999477615724645,0.9195512739370069,0.9999477615724645,186960,5791797,7462785
1839000,0.004327924408411094,1.0,0.004327924408411094,0.008514247697072876,34.55138662316477,34.0,11.927570384256937,signatures/85e27bbbee2de4bc1b92fdf87495eb2e.sig.gz,"GCF_000021645.1 Dictyoglomus turgidum DSM 6724 strain=DSM 6724, ASM2164v1",85e27bbbee2de4bc1b92fdf87495eb2e,1.0,1839000,50,244600000,outputs.paper/trim/SRR606249.trim.fq.gz,SRR606249,1b1b1d8e954aa9b36214fcaddf05c178,424915000,31,DNA,1000,424915,true,0.8389787423006781,1.0,0.9194893711503391,1.0,63540,5855337,7462785
1837000,0.004323217584693409,0.9956639566395664,0.004323217584693409,0.01480600070885065,60.14915623298857,59.0,21.273360545819802,signatures/714aa2c36122b1f1c0e8400e4d236e3b.sig.gz,"GCF_000007305.1 Pyrococcus furiosus DSM 3638 strain=DSM 3638, ASM730v1",714aa2c36122b1f1c0e8400e4d236e3b,0.9956639566395664,1837000,51,242763000,outputs.paper/trim/SRR606249.trim.fq.gz,SRR606249,1b1b1d8e954aa9b36214fcaddf05c178,424915000,31,DNA,1000,424915,true,0.8389492935976474,0.9998598333320234,0.9194045634648353,0.9998598333320234,110494,5965831,7462785
1775000,0.004177306049445183,1.0,0.004177306049445183,0.009284469537846795,39.03549295774648,36.0,21.496134784478944,signatures/4fcde47fa8b1e68ce4173be350ee2711.sig.gz,"GCF_000016125.1 Methanococcus maripaludis C5 strain=C5, ASM1612v1",4fcde47fa8b1e68ce4173be350ee2711,1.0,1775000,52,240988000,outputs.paper/trim/SRR606249.trim.fq.gz,SRR606249,1b1b1d8e954aa9b36214fcaddf05c178,424915000,31,DNA,1000,424915,true,0.8380206476960168,1.0,0.9190103238480084,1.0,69288,6035119,7462785
1747000,0.004111410517397597,0.9959954233409611,0.004097290046244543,0.02202636147229218,94.41585295807008,93.0,18.17027956374567,signatures/8acbe1802aebe9f0c23cc5428ac003ee.sig.gz,"GCF_000011105.1 Pyrococcus horikoshii OT3 strain=OT3, ASM1110v1",8acbe1802aebe9f0c23cc5428ac003ee,0.9994279176201373,1741000,53,239247000,outputs.paper/trim/SRR606249.trim.fq.gz,SRR606249,1b1b1d8e954aa9b36214fcaddf05c178,424915000,31,DNA,1000,424915,true,0.8374979734046794,0.9998705691366618,0.9186842712706706,0.9998705691366618,164378,6199497,7462785
1680000,0.003953731922855159,0.9994047619047619,0.003951378510996317,0.010058443329132489,44.70756402620607,44.0,15.84809918346445,signatures/ca6869d4abc24811464383043b077800.sig.gz,"GCF_000091665.1 Methanocaldococcus jannaschii DSM 2661 strain=DSM 2661, ASM9166v1",ca6869d4abc24811464383043b077800,1.0,1679000,54,237568000,outputs.paper/trim/SRR606249.trim.fq.gz,SRR606249,1b1b1d8e954aa9b36214fcaddf05c178,424915000,31,DNA,1000,424915,true,0.8365189090098262,0.9999807932386534,0.9182498511242398,0.9999807932386534,75064,6274561,7462785
1837000,0.004323217584693409,0.9101796407185628,0.00393490462798442,0.042948443510030104,191.69557416267943,188.0,48.99862100911354,signatures/411679f88e1e2e6c7c70fbdc45cb3116.sig.gz,"GCF_000019625.1 Thermotoga sp. RQ2 strain=RQ2, ASM1962v1",411679f88e1e2e6c7c70fbdc45cb3116,1.0,1672000,55,235896000,outputs.paper/trim/SRR606249.trim.fq.gz,SRR606249,1b1b1d8e954aa9b36214fcaddf05c178,424915000,31,DNA,1000,424915,true,0.8364061791301305,0.9969686910914349,0.9166874351107828,0.9969686910914349,320515,6595076,7462785
1632000,0.0038407681536307262,0.9975535168195718,0.003838414741771884,0.009205276582401879,42.11955855303495,42.0,13.061841450334304,signatures/78e186071f95b5f58b294343ce2d7ff8.sig.gz,"GCF_000007185.1 Methanopyrus kandleri AV19 strain=AV19, ASM718v1",78e186071f95b5f58b294343ce2d7ff8,0.998165137614679,1631000,56,234265000,outputs.paper/trim/SRR606249.trim.fq.gz,SRR606249,1b1b1d8e954aa9b36214fcaddf05c178,424915000,31,DNA,1000,424915,true,0.8357365887156607,0.9999209876148578,0.9178287881652593,0.9999209876148578,68697,6663773,7462785
1589000,0.003739571443700505,0.9874134675896791,0.0036925032065236577,0.008685363440056226,41.311026131293815,40.0,13.848635885910484,signatures/4aac4c04a1722458f2a4c4f8a11481f9.sig.gz,"GCA_003510745.1 Sulfurihydrogenibium sp., ASM351074v1",4aac4c04a1722458f2a4c4f8a11481f9,1.0,1569000,57,232696000,outputs.paper/trim/SRR606249.trim.fq.gz,SRR606249,1b1b1d8e954aa9b36214fcaddf05c178,424915000,31,DNA,1000,424915,true,0.8346924400410388,0.9995914894694907,0.9171419647552648,0.9995914894694907,64817,6728590,7462785
1564000,0.003680736147229446,0.9993606138107417,0.0036783827353706034,0.01362721825699119,65.06525911708253,63.0,15.879652628669238,signatures/da359c7d4839e1bd472c065804809a68.sig.gz,"GCA_003543175.1 Hydrogenobaculum sp., ASM354317v1",da359c7d4839e1bd472c065804809a68,1.0,1563000,58,231133000,outputs.paper/trim/SRR606249.trim.fq.gz,SRR606249,1b1b1d8e954aa9b36214fcaddf05c178,424915000,31,DNA,1000,424915,true,0.8345892832147387,0.9999793682552961,0.9172843257350174,0.9999793682552961,101697,6830287,7462785
1635000,0.0038478283892072534,0.9253822629969419,0.003560712142428486,0.006032466431767765,29.754791804362196,29.0,8.18482902364759,signatures/d45be194ffb4596d4fa8845dd89d8d8d.sig.gz,"GCF_000011585.1 Methanococcus maripaludis S2 strain=S2, ASM1158v1",d45be194ffb4596d4fa8845dd89d8d8d,1.0,1513000,59,229620000,outputs.paper/trim/SRR606249.trim.fq.gz,SRR606249,1b1b1d8e954aa9b36214fcaddf05c178,424915000,31,DNA,1000,424915,true,0.8337144297619051,0.9975015659867335,0.9156079978743192,0.9975015659867335,45019,6875306,7462785
1477000,0.003475989315510161,0.9993234100135318,0.003475989315510161,0.010475445828869518,52.92890995260664,49.0,30.031956975415458,signatures/c11126d0591db94cd3d1c8568499375f.sig.gz,"GCF_000025665.1 Aciduliprofundum boonei T469 strain=T469, ASM2566v1",c11126d0591db94cd3d1c8568499375f,0.9993234100135318,1477000,60,228143000,outputs.paper/trim/SRR606249.trim.fq.gz,SRR606249,1b1b1d8e954aa9b36214fcaddf05c178,424915000,31,DNA,1000,424915,true,0.8330670349031427,0.9999781673681171,0.9165226011356299,0.9999781673681171,78176,6953482,7462785
1284000,0.003021780826753586,1.0,0.003021780826753586,0.002866222194529254,16.6588785046729,16.0,5.831124778953981,signatures/ed88074adf58a9cfce3a6e63ad414853.sig.gz,"GCF_000017945.1 Ignicoccus hospitalis KIN4/I strain=KIN4/I, ASM1794v1",ed88074adf58a9cfce3a6e63ad414853,1.0,1284000,61,226859000,outputs.paper/trim/SRR606249.trim.fq.gz,SRR606249,1b1b1d8e954aa9b36214fcaddf05c178,424915000,31,DNA,1000,424915,true,0.8293124018628016,1.0,0.9146562009314008,1.0,21390,6974872,7462785
1530000,0.0036007201440288058,0.7369791666666666,0.0026640622242095477,0.0023054395912517913,15.198763250883392,13.0,15.31270859145589,signatures/ea1af81ce1042a3aaa59f860b8a39573.sig.gz,"GCF_000173615.1 Sulfurihydrogenibium yellowstonense SS-5 strain=SS-5, ASM17361v1",ea1af81ce1042a3aaa59f860b8a39573,0.99609375,1132000,62,225727000,outputs.paper/trim/SRR606249.trim.fq.gz,SRR606249,1b1b1d8e954aa9b36214fcaddf05c178,424915000,31,DNA,1000,424915,true,0.8259486430523851,0.9902032824467231,0.908075962749554,0.9902032824467231,17205,6992077,7462785
1776000,0.004179659461304026,0.41305571187394485,0.0017274043043902898,0.005705242747848156,58.00681198910082,58.0,13.111914311840774,signatures/745322649f94665adf60b2ee985746ca.sig.gz,"GCF_000016785.1 Thermotoga petrophila RKU-1 strain=RKU-1, ASM1678v1",745322649f94665adf60b2ee985746ca,0.9994372537985369,734000,63,224993000,outputs.paper/trim/SRR606249.trim.fq.gz,SRR606249,1b1b1d8e954aa9b36214fcaddf05c178,424915000,31,DNA,1000,424915,true,0.8144861005408334,0.971881200974498,0.8931836507576657,0.971881200974498,42577,7034654,7462785
517000,0.0012167139310214985,0.2445290199809705,0.0012096536954449713,0.00012917429619103323,1.8754863813229572,1.0,1.311451455096692,signatures/f870793cbe085f6f001ea3d4dd8aedec.sig.gz,"GCF_016648735.1 Streptococcus parasanguinis strain=12.1, ASM1664873v1",f870793cbe085f6f001ea3d4dd8aedec,0.24595623215984777,514000,64,224479000,outputs.paper/trim/SRR606249.trim.fq.gz,SRR606249,1b1b1d8e954aa9b36214fcaddf05c178,424915000,31,DNA,1000,424915,true,0.8051787268778712,0.9555836773651298,0.8803812021215005,0.9555836773651298,964,7035618,7462785
431000,0.0010143205111610557,1.0,0.0010143205111610557,0.012890361976125534,223.1972157772622,200.0,149.08449337185212,signatures/d9e98fc66928684bf96f0aaeb4adcb6e.sig.gz,"GCA_000008085.1 Nanoarchaeum equitans Kin4-M, ASM808v1",d9e98fc66928684bf96f0aaeb4adcb6e,1.0,431000,65,224048000,outputs.paper/trim/SRR606249.trim.fq.gz,SRR606249,1b1b1d8e954aa9b36214fcaddf05c178,424915000,31,DNA,1000,424915,true,0.8006173671995667,1.0,0.9003086835997833,1.0,96198,7131816,7462785
4473000,0.010526811244601862,0.06491092176607281,0.0009860795688549475,0.0008354789800322533,14.880668257756563,13.0,8.202978883344242,signatures/8e4e26b33e130b40fd96a9f2692d164b.sig.gz,"GCA_011765705.1 Salinispora arenicola strain=BRA 172, ASM1176570v1",8e4e26b33e130b40fd96a9f2692d164b,0.6929512006196746,419000,66,223629000,outputs.paper/trim/SRR606249.trim.fq.gz,SRR606249,1b1b1d8e954aa9b36214fcaddf05c178,424915000,31,DNA,1000,424915,true,0.7998884357220023,0.9155618124393422,0.8577251240806723,0.9155618124393422,6235,7138051,7462785
2832000,0.006664862384241554,0.1029082774049217,0.0008660555640539872,0.0005905302109065182,11.97554347826087,3.0,19.637944352713802,signatures/4f6060905463539fc92cb5ee67552db5.sig.gz,"GCF_000015485.1 Desulfovibrio vulgaris DP4 strain=DP4, ASM1548v1",4f6060905463539fc92cb5ee67552db5,0.7919463087248322,368000,67,223261000,outputs.paper/trim/SRR606249.trim.fq.gz,SRR606249,1b1b1d8e954aa9b36214fcaddf05c178,424915000,31,DNA,1000,424915,true,0.7965465362002275,0.9292735122955688,0.8629100242478982,0.9292735122955688,4407,7142458,7462785
207000,0.00048715625478036785,0.04316239316239316,0.00047538919548615607,0.000035241535164151184,1.301980198019802,1.0,0.6470772365822579,signatures/03c6e78f14ab8af588f748653db2d6fb.sig.gz,"GCF_002799245.1 Stenotrophomonas maltophilia strain=EA1, ASM279924v1",03c6e78f14ab8af588f748653db2d6fb,0.04423076923076923,202000,68,223059000,outputs.paper/trim/SRR606249.trim.fq.gz,SRR606249,1b1b1d8e954aa9b36214fcaddf05c178,424915000,31,DNA,1000,424915,true,0.7812824020170379,0.9035894376926396,0.8424359198548388,0.9035894376926396,263,7142721,7462785
192000,0.00045185507689773246,0.05620953502060035,0.0004495016650388901,0.000032159575815195,1.256544502617801,1.0,0.6242453847450838,signatures/0f0d961ba85aa942ce94cced7da03771.sig.gz,"GCF_000019485.1 Synechococcus sp. PCC 7002 strain=PCC 7002, ASM1948v1",0f0d961ba85aa942ce94cced7da03771,0.05650382577987051,191000,69,222868000,outputs.paper/trim/SRR606249.trim.fq.gz,SRR606249,1b1b1d8e954aa9b36214fcaddf05c178,424915000,31,DNA,1000,424915,true,0.7798724713280795,0.9113208154378791,0.8455966433829794,0.9113208154378791,240,7142961,7462785
494000,0.0011625854582681242,0.08570119156736938,0.0004400880176035207,0.00004462141144358306,1.7807486631016043,1.0,1.0895976178917268,signatures/ac4365fef7173b49d2cdea0bfdd24bda.sig.gz,"GCF_015556095.1 Streptococcus parasanguinis strain=1001095IJ_161003_H11, ASM1555609v1",ac4365fef7173b49d2cdea0bfdd24bda,0.22639780018331807,187000,70,222681000,outputs.paper/trim/SRR606249.trim.fq.gz,SRR606249,1b1b1d8e954aa9b36214fcaddf05c178,424915000,31,DNA,1000,424915,true,0.7793402061563806,0.9238048145308275,0.851572510343604,0.9238048145308275,333,7143294,7462785
4477000,0.01053622489203723,0.02723330442324371,0.00036948566183825,0.0003229357404775831,15.35031847133758,14.0,8.86190317731207,signatures/0376e0e4e8f660a71512eec2bcbbc793.sig.gz,"GCF_000375005.1 Salinispora arenicola CNS051 strain=CNS051, ASM37500v1",0376e0e4e8f660a71512eec2bcbbc793,0.776582827406765,157000,71,222524000,outputs.paper/trim/SRR606249.trim.fq.gz,SRR606249,1b1b1d8e954aa9b36214fcaddf05c178,424915000,31,DNA,1000,424915,true,0.7749565291176411,0.8902651353607162,0.8326108322391786,0.8902651353607162,2410,7145704,7462785
769000,0.0018097737194497723,0.04305043050430504,0.0003294776602379299,0.00047167377862285996,25.142857142857142,24.5,9.49930180033657,signatures/08a7e8122383feb4f03413e87457084a.sig.gz,"GCF_900115135.1 Proteiniclasticum ruminis strain=ML2, IMG-taxon 2642422541 annotated assembly",08a7e8122383feb4f03413e87457084a,0.23646986469864698,140000,72,222384000,outputs.paper/trim/SRR606249.trim.fq.gz,SRR606249,1b1b1d8e954aa9b36214fcaddf05c178,424915000,31,DNA,1000,424915,true,0.7720968943807893,0.9035137329950527,0.837805313687921,0.9035137329950527,3520,7149224,7462785
119000,0.00028005601120224046,0.02667893284268629,0.0002729957756257134,0.000022779699535763124,1.4655172413793103,1.0,0.9231788641536244,signatures/6ae9b9827727475a424a2b460ef2bee1.sig.gz,"GCA_001596115.1 Shigella sp. PAMC 28760 strain=PAMC 28760, ASM159611v1",6ae9b9827727475a424a2b460ef2bee1,0.027368905243790247,116000,73,222268000,outputs.paper/trim/SRR606249.trim.fq.gz,SRR606249,1b1b1d8e954aa9b36214fcaddf05c178,424915000,31,DNA,1000,424915,true,0.7674273768508421,0.8896746997754089,0.8285510383131255,0.8896746997754089,170,7149394,7462785
460000,0.0010825694550674842,0.05187319884726225,0.00025416848075497455,0.0000267996465126625,1.8518518518518519,2.0,1.016664980097097,signatures/b17ad0093b4a7c3d1133b04e315960a3.sig.gz,"GCF_015559215.1 Streptococcus parasanguinis strain=D43t1_170807_F3, ASM1555921v1",b17ad0093b4a7c3d1133b04e315960a3,0.22094140249759847,108000,74,222160000,outputs.paper/trim/SRR606249.trim.fq.gz,SRR606249,1b1b1d8e954aa9b36214fcaddf05c178,424915000,31,DNA,1000,424915,true,0.7656603959568353,0.908963720097128,0.8373120580269817,0.908963720097128,200,7149594,7462785
116000,0.0002729957756257134,0.03398640543782487,0.00020004000800160032,0.000015275798512217623,1.3411764705882352,1.0,0.564705882352941,signatures/448dc56d51857321fb910cde8bf212c0.sig.gz,"GCF_020562075.1 Streptococcus salivarius strain=DFI.1.40, ASM2056207v1",448dc56d51857321fb910cde8bf212c0,0.04638144742103159,85000,75,222075000,outputs.paper/trim/SRR606249.trim.fq.gz,SRR606249,1b1b1d8e954aa9b36214fcaddf05c178,424915000,31,DNA,1000,424915,true,0.7597683344917707,0.8966495801894799,0.8282089573406253,0.8966495801894799,114,7149708,7462785
82000,0.00019297977242507325,0.03253968253968254,0.00019297977242507325,0.000014873803814527687,1.353658536585366,1.0,0.5920602972652856,signatures/09035b7cd317402c14fc924318845177.sig.gz,"GCF_000144045.1 Cutibacterium acnes HL067PA1 strain=HL067PA1, ASM14404v1",09035b7cd317402c14fc924318845177,0.03253968253968254,82000,76,221993000,outputs.paper/trim/SRR606249.trim.fq.gz,SRR606249,1b1b1d8e954aa9b36214fcaddf05c178,424915000,31,DNA,1000,424915,true,0.7588881994195399,0.8953922532404506,0.8271402263299952,0.8953922532404506,111,7149819,7462785
465000,0.0010943365143616958,0.03547066848567531,0.00018356612498970383,0.000018759752558863748,1.794871794871795,1.0,1.5136894505790193,signatures/3ccfe58a75588cf84de5397eabe7187d.sig.gz,"GCF_015557775.1 Streptococcus parasanguinis strain=D55t1_190419_F12, ASM1555777v1",3ccfe58a75588cf84de5397eabe7187d,0.21145975443383355,78000,77,221915000,outputs.paper/trim/SRR606249.trim.fq.gz,SRR606249,1b1b1d8e954aa9b36214fcaddf05c178,424915000,31,DNA,1000,424915,true,0.7576649180843563,0.8978868118358294,0.8277758649600928,0.8978868118358294,140,7149959,7462785
4389000,0.010329124648459104,0.014388489208633094,0.00018356612498970383,0.000158653907354962,15.179487179487179,14.0,8.389162101345768,signatures/a8fe2c92297f627b1bd5fa319f0e9fe2.sig.gz,"GCF_023845025.1 Salinispora arenicola strain=RJA3005, ASM2384502v1",a8fe2c92297f627b1bd5fa319f0e9fe2,0.8096292197011622,78000,78,221837000,outputs.paper/trim/SRR606249.trim.fq.gz,SRR606249,1b1b1d8e954aa9b36214fcaddf05c178,424915000,31,DNA,1000,424915,true,0.7576649180843563,0.8721298182460694,0.8148973681652129,0.8721298182460694,1184,7151143,7462785
64000,0.00015061835896591083,0.015151515151515152,0.00014355812338938376,0.000010853856837628313,1.3278688524590163,1.0,0.7834625013343292,signatures/817fde92ee8bc4ba469d9aa9b75abe92.sig.gz,"GCF_000419565.1 Sphingomonas melonis FR1 strain=FR1, ASM41956v1",817fde92ee8bc4ba469d9aa9b75abe92,0.015896671634376552,61000,79,221776000,outputs.paper/trim/SRR606249.trim.fq.gz,SRR606249,1b1b1d8e954aa9b36214fcaddf05c178,424915000,31,DNA,1000,424915,true,0.7516802749483165,0.8735847304990553,0.8126325027236858,0.8735847304990553,81,7151224,7462785
3710000,0.008731157996305144,0.0080042689434365,0.0001412047115305414,8.977881581741937e-6,1.1166666666666667,1.0,0.36930866343600555,signatures/df6e82fd69a0fcd8acd3de6a8e5f7012.sig.gz,"GCF_000330745.1 Rhodopirellula baltica SWK14 strain=SWK14, ASM33074v1",df6e82fd69a0fcd8acd3de6a8e5f7012,0.4949306296691569,60000,80,221716000,outputs.paper/trim/SRR606249.trim.fq.gz,SRR606249,1b1b1d8e954aa9b36214fcaddf05c178,424915000,31,DNA,1000,424915,true,0.7512795833881485,0.8557860744055599,0.8035328288968542,0.8557860744055599,67,7151291,7462785
59000,0.00013885129967169905,0.04604200323101777,0.00013414447595401434,0.00001353382148889456,1.7719298245614035,1.0,2.7784732893509725,signatures/c4c5b7270c65ed94cfc29953a1bb31e1.sig.gz,"GCA_002878035.1 Sulfurihydrogenibium sp., ASM287803v1",c4c5b7270c65ed94cfc29953a1bb31e1,0.04765751211631664,57000,81,221659000,outputs.paper/trim/SRR606249.trim.fq.gz,SRR606249,1b1b1d8e954aa9b36214fcaddf05c178,424915000,31,DNA,1000,424915,true,0.7500375272114719,0.9054739122200296,0.8277557197157508,0.9054739122200296,101,7151392,7462785
436000,0.0010260875704552676,0.02321347291761493,0.0001200240048009602,0.000011389849767881562,1.6666666666666667,1.0,0.9633818428657447,signatures/7007ea1781d79f21c762b60f51b92a5b.sig.gz,"GCF_001069785.1 Streptococcus parasanguinis strain=139.rep2_SPAR, ASM106978v1",7007ea1781d79f21c762b60f51b92a5b,0.19845243513882568,51000,82,221608000,outputs.paper/trim/SRR606249.trim.fq.gz,SRR606249,1b1b1d8e954aa9b36214fcaddf05c178,424915000,31,DNA,1000,424915,true,0.7473512717034176,0.8856904039640281,0.8165208378337229,0.8856904039640281,85,7151477,7462785
3832000,0.00901827424308391,0.008930134827525827,0.0001200240048009602,0.00013024628205153974,19.058823529411764,18.0,11.28144714105017,signatures/a424ccc8878c09c3fb9106568e750436.sig.gz,"GCF_000377605.1 Salinispora arenicola CNT859 strain=CNT859, ASM37760v1",a424ccc8878c09c3fb9106568e750436,0.6709858168446857,51000,83,221557000,outputs.paper/trim/SRR606249.trim.fq.gz,SRR606249,1b1b1d8e954aa9b36214fcaddf05c178,424915000,31,DNA,1000,424915,true,0.7473512717034176,0.858813070934693,0.8030821713190552,0.858813070934693,972,7152449,7462785
